[{"model": "auth.group", "pk": 3, "fields": {"name": "Администратор", "permissions": [1, 2, 3, 4, 12, 13, 14, 16, 45, 46, 48, 28, 20, 41, 42, 44, 33, 34, 36, 29, 30, 32, 37, 40, 24]}}, {"model": "auth.group", "pk": 4, "fields": {"name": "Пользователь", "permissions": [12, 16, 48, 28, 20, 44, 36, 32, 40]}}, {"model": "auth.group", "pk": 5, "fields": {"name": "Смотритель", "permissions": [4, 12, 8, 16, 52, 56, 48, 25, 26, 27, 28, 20, 44, 36, 32, 40, 24]}}, {"model": "auth.user", "pk": 1, "fields": {"password": "pbkdf2_sha256$1000000$bqldaWkk2uTVPESylnb3DU$P2gNct+TrgRsRh+yqzlj4/u9RUHnb2dHlYAWBLTaD9Q=", "last_login": "2025-10-21T15:22:57.556Z", "is_superuser": true, "username": "juliat", "first_name": "Juliat", "last_name": "Podmarkova", "email": "norico@mail.ru", "is_staff": true, "is_active": true, "date_joined": "2025-09-18T13:29:16Z", "groups": [5], "user_permissions": []}}, {"model": "auth.user", "pk": 2, "fields": {"password": "pbkdf2_sha256$1000000$0R1rCymmE6XE6Q2iFy6Yij$OMgZU3kWwZVsf2BMlRmyXEu9JxNibUa1l+TBPz503FQ=", "last_login": "2025-10-21T15:20:32.028Z", "is_superuser": false, "username": "Amalia", "first_name": "Amalia", "last_name": "Starkova", "email": "StarkovaAV@company.vom", "is_staff": false, "is_active": true, "date_joined": "2025-09-19T12:54:41Z", "groups": [4], "user_permissions": []}}, {"model": "auth.user", "pk": 3, "fields": {"password": "pbkdf2_sha256$1000000$XhziGYwsIYeeDyCId0geqs$xpoklCuWokp7BM43Ht8hd1vE5GaxNSImzv97HcruEF0=", "last_login": "2025-10-21T15:14:32.895Z", "is_superuser": false, "username": "Oleg", "first_name": "Oleg", "last_name": "Ivanov", "email": "IvanovO@company.com", "is_staff": false, "is_active": true, "date_joined": "2025-09-19T12:54:52Z", "groups": [4], "user_permissions": [40]}}, {"model": "auth.user", "pk": 4, "fields": {"password": "pbkdf2_sha256$1000000$y3m1ZbR1meC2LCXWZgZyC7$v6dFDrWfNBR1rl5bOqE1swetyYb4HQcyduQf+s+DmhA=", "last_login": null, "is_superuser": false, "username": "Ivonna", "first_name": "Ivonna", "last_name": "Slingovski", "email": "SlingovskiI@company.com", "is_staff": false, "is_active": true, "date_joined": "2025-10-03T16:14:34Z", "groups": [4], "user_permissions": []}}, {"model": "auth.user", "pk": 5, "fields": {"password": "pbkdf2_sha256$1000000$01YEhVHu1xbpDuSpeSwvzI$sbXxNgcDdobPpkpHIvXab0hjUwFip04affMCAmU+FHU=", "last_login": null, "is_superuser": false, "username": "Svetlana", "first_name": "Svetlana", "last_name": "Ivanova", "email": "IvanovaSvet@company.com", "is_staff": false, "is_active": true, "date_joined": "2025-09-30T15:43:12Z", "groups": [4], "user_permissions": []}}, {"model": "auth.user", "pk": 6, "fields": {"password": "pbkdf2_sha256$1000000$ym1a3RcSeXVsPPTI8sXvfT$RYHN66Q+yRLn3QpyKzPqwOyWmRGb+JxXxWA+3v+JAII=", "last_login": "2025-10-21T15:20:04.157Z", "is_superuser": false, "username": "Maxsim", "first_name": "Maxsim", "last_name": "Petrov", "email": "PetrovMax@company.com", "is_staff": true, "is_active": true, "date_joined": "2025-10-04T17:29:44Z", "groups": [3], "user_permissions": []}}, {"model": "auth.user", "pk": 7, "fields": {"password": "pbkdf2_sha256$1000000$XekcMtxYGarQZBdzxxgZZE$fH37ojhDOgdpSQtSPmiDqU1rgcKKaVoAQ/LPZxvA7FA=", "last_login": null, "is_superuser": false, "username": "Stepan", "first_name": "Stepan", "last_name": "Gorzin", "email": "GorzinStep@company.com", "is_staff": false, "is_active": true, "date_joined": "2025-10-04T17:32:31Z", "groups": [4], "user_permissions": []}}, {"model": "auth.user", "pk": 8, "fields": {"password": "pbkdf2_sha256$1000000$wEfEwQqt2sftAOeqidTPvH$zQgn/7pZq4GLmlbDIiTftUiJ1dgsARv9nUEoEup7kYU=", "last_login": null, "is_superuser": false, "username": "SazonovaIA", "first_name": "Ириада", "last_name": "Сазонова", "email": "SazonovaIA@company.com", "is_staff": false, "is_active": true, "date_joined": "2025-10-19T15:25:38Z", "groups": [4], "user_permissions": []}}, {"model": "auth.user", "pk": 9, "fields": {"password": "pbkdf2_sha256$1000000$Npi6V0LRfWQr5Zdi1UwYnO$U1lx9k++FOwmmydfMwdnLDp/EwaYbWgqzrESD421Kec=", "last_login": null, "is_superuser": false, "username": "SazonovII", "first_name": "Игнат", "last_name": "Сазонов", "email": "SazonovII@company.com", "is_staff": false, "is_active": true, "date_joined": "2025-10-19T16:47:37Z", "groups": [4], "user_permissions": []}}, {"model": "auth.user", "pk": 10, "fields": {"password": "pbkdf2_sha256$1000000$jWRfUSF6gNgrCIDZgjd3UD$uSVAoNiFAV3nabrARdoPUy4yEvSYWlvyk0Lh/coj6OI=", "last_login": null, "is_superuser": false, "username": "PetrovSV", "first_name": "Семен", "last_name": "Петров", "email": "PetrovSV@company.com", "is_staff": false, "is_active": true, "date_joined": "2025-10-21T14:19:59Z", "groups": [4], "user_permissions": []}}, {"model": "auth.user", "pk": 11, "fields": {"password": "pbkdf2_sha256$1000000$ph1KhLIwn3UJEhUGS2iCul$jo/OCEgyy2QYkZCXFv1bJg96oZAY7L695zOyBCjsfzU=", "last_login": "2025-10-21T15:15:07.371Z", "is_superuser": false, "username": "SemihvostovII", "first_name": "Иван", "last_name": "Семихвостов", "email": "SemihvostovII@company.com", "is_staff": true, "is_active": true, "date_joined": "2025-10-21T14:27:49Z", "groups": [5], "user_permissions": []}}, {"model": "company.workplace", "pk": 1, "fields": {"table_number": 1, "additional_info": "<p><u>Рабочй стол оснащен:</u></p>\r\n\r\n<table align=\"center\" border=\"1\" cellpadding=\"1\" cellspacing=\"1\" style=\"width:500px\">\r\n\t<tbody>\r\n\t\t<tr>\r\n\t\t\t<td>\r\n\t\t\t<p>Наименование оснащения</p>\r\n\t\t\t</td>\r\n\t\t\t<td>Количество в шт.</td>\r\n\t\t</tr>\r\n\t\t<tr>\r\n\t\t\t<td><strong>Ноутбук Dell</strong></td>\r\n\t\t\t<td><strong>1</strong></td>\r\n\t\t</tr>\r\n\t\t<tr>\r\n\t\t\t<td><strong>Беспроводная мышь Lenovo</strong></td>\r\n\t\t\t<td><strong>1</strong></td>\r\n\t\t</tr>\r\n\t\t<tr>\r\n\t\t\t<td><strong>Стационарный телефон Gugaset</strong></td>\r\n\t\t\t<td><strong>1</strong></td>\r\n\t\t</tr>\r\n\t\t<tr>\r\n\t\t\t<td><strong>Принтер струйный Canon</strong></td>\r\n\t\t\t<td><strong>1</strong></td>\r\n\t\t</tr>\r\n\t\t<tr>\r\n\t\t\t<td><strong>Стул компьютерный Серый</strong></td>\r\n\t\t\t<td><strong>1</strong></td>\r\n\t\t</tr>\r\n\t\t<tr>\r\n\t\t\t<td><strong>Лампа настольная телескопическая</strong></td>\r\n\t\t\t<td><strong>1</strong></td>\r\n\t\t</tr>\r\n\t</tbody>\r\n</table>\r\n\r\n<p>В случае замены оснащения, просьба своевременно внести изменения в таблицу</p>\r\n\r\n<p>&nbsp;</p>\r\n\r\n<div>&nbsp;</div>"}}, {"model": "company.workplace", "pk": 2, "fields": {"table_number": 2, "additional_info": "<p><u>Рабочй стол оснащен:</u></p>\r\n\r\n<table align=\"center\" border=\"1\" cellpadding=\"1\" cellspacing=\"1\" style=\"width:500px\">\r\n\t<tbody>\r\n\t\t<tr>\r\n\t\t\t<td>\r\n\t\t\t<p>Наименование оснащения</p>\r\n\t\t\t</td>\r\n\t\t\t<td>Количество в шт.</td>\r\n\t\t</tr>\r\n\t\t<tr>\r\n\t\t\t<td><strong>Ноутбук Dell</strong></td>\r\n\t\t\t<td><strong>1</strong></td>\r\n\t\t</tr>\r\n\t\t<tr>\r\n\t\t\t<td><strong>Беспроводная мышь Lenovo</strong></td>\r\n\t\t\t<td><strong>1</strong></td>\r\n\t\t</tr>\r\n\t\t<tr>\r\n\t\t\t<td><strong>Стационарный телефон Gugaset</strong></td>\r\n\t\t\t<td><strong>1</strong></td>\r\n\t\t</tr>\r\n\t\t<tr>\r\n\t\t\t<td><strong>Принтер струйный Canon</strong></td>\r\n\t\t\t<td><strong>1</strong></td>\r\n\t\t</tr>\r\n\t\t<tr>\r\n\t\t\t<td><strong>Стул компьютерный Серый</strong></td>\r\n\t\t\t<td><strong>1</strong></td>\r\n\t\t</tr>\r\n\t\t<tr>\r\n\t\t\t<td><strong>Лампа настольная телескопическая</strong></td>\r\n\t\t\t<td><strong>1</strong></td>\r\n\t\t</tr>\r\n\t</tbody>\r\n</table>\r\n\r\n<p>В случае замены оснащения, просьба своевременно внести изменения в таблицу</p>\r\n\r\n<p>&nbsp;</p>\r\n\r\n<div>&nbsp;</div>"}}, {"model": "company.workplace", "pk": 4, "fields": {"table_number": 4, "additional_info": "<p><u>Рабочй стол оснащен:</u></p>\r\n\r\n<table align=\"center\" border=\"1\" cellpadding=\"1\" cellspacing=\"1\" style=\"width:500px\">\r\n\t<tbody>\r\n\t\t<tr>\r\n\t\t\t<td>\r\n\t\t\t<p>Наименование оснащения</p>\r\n\t\t\t</td>\r\n\t\t\t<td>Количество в шт.</td>\r\n\t\t</tr>\r\n\t\t<tr>\r\n\t\t\t<td><strong>Ноутбук Dell</strong></td>\r\n\t\t\t<td><strong>1</strong></td>\r\n\t\t</tr>\r\n\t\t<tr>\r\n\t\t\t<td><strong>Беспроводная мышь Lenovo</strong></td>\r\n\t\t\t<td><strong>1</strong></td>\r\n\t\t</tr>\r\n\t\t<tr>\r\n\t\t\t<td><strong>Стационарный телефон Gugaset</strong></td>\r\n\t\t\t<td><strong>1</strong></td>\r\n\t\t</tr>\r\n\t\t<tr>\r\n\t\t\t<td><strong>Принтер струйный Canon</strong></td>\r\n\t\t\t<td><strong>1</strong></td>\r\n\t\t</tr>\r\n\t\t<tr>\r\n\t\t\t<td><strong>Стул компьютерный Серый</strong></td>\r\n\t\t\t<td><strong>1</strong></td>\r\n\t\t</tr>\r\n\t\t<tr>\r\n\t\t\t<td><strong>Лампа настольная телескопическая</strong></td>\r\n\t\t\t<td><strong>1</strong></td>\r\n\t\t</tr>\r\n\t</tbody>\r\n</table>\r\n\r\n<p>В случае замены оснащения, просьба своевременно внести изменения в таблицу</p>"}}, {"model": "company.workplace", "pk": 5, "fields": {"table_number": 5, "additional_info": "<p><u>Рабочй стол оснащен:</u></p>\r\n\r\n<table align=\"center\" border=\"1\" cellpadding=\"1\" cellspacing=\"1\" style=\"width:500px\">\r\n\t<tbody>\r\n\t\t<tr>\r\n\t\t\t<td>\r\n\t\t\t<p>Наименование оснащения</p>\r\n\t\t\t</td>\r\n\t\t\t<td>Количество в шт.</td>\r\n\t\t</tr>\r\n\t\t<tr>\r\n\t\t\t<td><strong>Ноутбук Dell</strong></td>\r\n\t\t\t<td><strong>1</strong></td>\r\n\t\t</tr>\r\n\t\t<tr>\r\n\t\t\t<td><strong>Беспроводная мышь Lenovo</strong></td>\r\n\t\t\t<td><strong>1</strong></td>\r\n\t\t</tr>\r\n\t\t<tr>\r\n\t\t\t<td><strong>Стационарный телефон Gugaset</strong></td>\r\n\t\t\t<td><strong>1</strong></td>\r\n\t\t</tr>\r\n\t\t<tr>\r\n\t\t\t<td><strong>Принтер струйный Canon</strong></td>\r\n\t\t\t<td><strong>1</strong></td>\r\n\t\t</tr>\r\n\t\t<tr>\r\n\t\t\t<td><strong>Стул компьютерный Серый</strong></td>\r\n\t\t\t<td><strong>1</strong></td>\r\n\t\t</tr>\r\n\t\t<tr>\r\n\t\t\t<td><strong>Лампа настольная телескопическая</strong></td>\r\n\t\t\t<td><strong>1</strong></td>\r\n\t\t</tr>\r\n\t</tbody>\r\n</table>\r\n\r\n<p>В случае замены оснащения, просьба своевременно внести изменения в таблицу</p>"}}, {"model": "company.workplace", "pk": 6, "fields": {"table_number": 3, "additional_info": "<p><u>Рабочй стол оснащен:</u></p>\r\n\r\n<table align=\"center\" border=\"1\" cellpadding=\"1\" cellspacing=\"1\" style=\"width:500px\">\r\n\t<tbody>\r\n\t\t<tr>\r\n\t\t\t<td>\r\n\t\t\t<p>Наименование оснащения</p>\r\n\t\t\t</td>\r\n\t\t\t<td>Количество в шт.</td>\r\n\t\t</tr>\r\n\t\t<tr>\r\n\t\t\t<td><strong>Ноутбук Dell</strong></td>\r\n\t\t\t<td><strong>1</strong></td>\r\n\t\t</tr>\r\n\t\t<tr>\r\n\t\t\t<td><strong>Беспроводная мышь Lenovo</strong></td>\r\n\t\t\t<td><strong>1</strong></td>\r\n\t\t</tr>\r\n\t\t<tr>\r\n\t\t\t<td><strong>Стационарный телефон Gugaset</strong></td>\r\n\t\t\t<td><strong>1</strong></td>\r\n\t\t</tr>\r\n\t\t<tr>\r\n\t\t\t<td><strong>Принтер струйный Canon</strong></td>\r\n\t\t\t<td><strong>1</strong></td>\r\n\t\t</tr>\r\n\t\t<tr>\r\n\t\t\t<td><strong>Стул компьютерный Серый</strong></td>\r\n\t\t\t<td><strong>1</strong></td>\r\n\t\t</tr>\r\n\t\t<tr>\r\n\t\t\t<td><strong>Лампа настольная телескопическая</strong></td>\r\n\t\t\t<td><strong>1</strong></td>\r\n\t\t</tr>\r\n\t</tbody>\r\n</table>\r\n\r\n<p>В случае замены оснащения, просьба своевременно внести изменения в таблицу</p>"}}, {"model": "company.workplace", "pk": 7, "fields": {"table_number": 6, "additional_info": "<p><u>Рабочй стол оснащен:</u></p>\r\n\r\n<table align=\"center\" border=\"1\" cellpadding=\"1\" cellspacing=\"1\" style=\"width:500px\">\r\n\t<tbody>\r\n\t\t<tr>\r\n\t\t\t<td>\r\n\t\t\t<p>Наименование оснащения</p>\r\n\t\t\t</td>\r\n\t\t\t<td>Количество в шт.</td>\r\n\t\t</tr>\r\n\t\t<tr>\r\n\t\t\t<td><strong>Ноутбук Dell</strong></td>\r\n\t\t\t<td><strong>1</strong></td>\r\n\t\t</tr>\r\n\t\t<tr>\r\n\t\t\t<td><strong>Беспроводная мышь Lenovo</strong></td>\r\n\t\t\t<td><strong>1</strong></td>\r\n\t\t</tr>\r\n\t\t<tr>\r\n\t\t\t<td><strong>Стационарный телефон Gugaset</strong></td>\r\n\t\t\t<td><strong>1</strong></td>\r\n\t\t</tr>\r\n\t\t<tr>\r\n\t\t\t<td><strong>Принтер струйный Canon</strong></td>\r\n\t\t\t<td><strong>1</strong></td>\r\n\t\t</tr>\r\n\t\t<tr>\r\n\t\t\t<td><strong>Стул компьютерный Серый</strong></td>\r\n\t\t\t<td><strong>1</strong></td>\r\n\t\t</tr>\r\n\t\t<tr>\r\n\t\t\t<td><strong>Лампа настольная телескопическая</strong></td>\r\n\t\t\t<td><strong>1</strong></td>\r\n\t\t</tr>\r\n\t</tbody>\r\n</table>\r\n\r\n<p>В случае замены оснащения, просьба своевременно внести изменения в таблицу</p>"}}, {"model": "company.workplace", "pk": 8, "fields": {"table_number": 7, "additional_info": "<p><u>Рабочй стол оснащен:</u></p>\r\n\r\n<table align=\"center\" border=\"1\" cellpadding=\"1\" cellspacing=\"1\" style=\"width:500px\">\r\n\t<tbody>\r\n\t\t<tr>\r\n\t\t\t<td>\r\n\t\t\t<p>Наименование оснащения</p>\r\n\t\t\t</td>\r\n\t\t\t<td>Количество в шт.</td>\r\n\t\t</tr>\r\n\t\t<tr>\r\n\t\t\t<td><strong>Ноутбук Dell</strong></td>\r\n\t\t\t<td><strong>1</strong></td>\r\n\t\t</tr>\r\n\t\t<tr>\r\n\t\t\t<td><strong>Беспроводная мышь Lenovo</strong></td>\r\n\t\t\t<td><strong>1</strong></td>\r\n\t\t</tr>\r\n\t\t<tr>\r\n\t\t\t<td><strong>Стационарный телефон Gugaset</strong></td>\r\n\t\t\t<td><strong>1</strong></td>\r\n\t\t</tr>\r\n\t\t<tr>\r\n\t\t\t<td><strong>Принтер струйный Canon</strong></td>\r\n\t\t\t<td><strong>1</strong></td>\r\n\t\t</tr>\r\n\t\t<tr>\r\n\t\t\t<td><strong>Стул компьютерный Серый</strong></td>\r\n\t\t\t<td><strong>1</strong></td>\r\n\t\t</tr>\r\n\t\t<tr>\r\n\t\t\t<td><strong>Лампа настольная телескопическая</strong></td>\r\n\t\t\t<td><strong>1</strong></td>\r\n\t\t</tr>\r\n\t</tbody>\r\n</table>\r\n\r\n<p>В случае замены оснащения, просьба своевременно внести изменения в таблицу</p>"}}, {"model": "company.workplace", "pk": 9, "fields": {"table_number": 8, "additional_info": "<p><u>Рабочй стол оснащен:</u></p>\r\n\r\n<table align=\"center\" border=\"1\" cellpadding=\"1\" cellspacing=\"1\" style=\"width:500px\">\r\n\t<tbody>\r\n\t\t<tr>\r\n\t\t\t<td>\r\n\t\t\t<p>Наименование оснащения</p>\r\n\t\t\t</td>\r\n\t\t\t<td>Количество в шт.</td>\r\n\t\t</tr>\r\n\t\t<tr>\r\n\t\t\t<td><strong>Ноутбук Dell</strong></td>\r\n\t\t\t<td><strong>1</strong></td>\r\n\t\t</tr>\r\n\t\t<tr>\r\n\t\t\t<td><strong>Беспроводная мышь Lenovo</strong></td>\r\n\t\t\t<td><strong>1</strong></td>\r\n\t\t</tr>\r\n\t\t<tr>\r\n\t\t\t<td><strong>Стационарный телефон Gugaset</strong></td>\r\n\t\t\t<td><strong>1</strong></td>\r\n\t\t</tr>\r\n\t\t<tr>\r\n\t\t\t<td><strong>Принтер струйный Canon</strong></td>\r\n\t\t\t<td><strong>1</strong></td>\r\n\t\t</tr>\r\n\t\t<tr>\r\n\t\t\t<td><strong>Стул компьютерный Серый</strong></td>\r\n\t\t\t<td><strong>1</strong></td>\r\n\t\t</tr>\r\n\t\t<tr>\r\n\t\t\t<td><strong>Лампа настольная телескопическая</strong></td>\r\n\t\t\t<td><strong>1</strong></td>\r\n\t\t</tr>\r\n\t</tbody>\r\n</table>\r\n\r\n<p>В случае замены оснащения, просьба своевременно внести изменения в таблицу</p>\r\n\r\n<p>&nbsp;</p>"}}, {"model": "company.workplace", "pk": 10, "fields": {"table_number": 9, "additional_info": "<p><u>Рабочй стол оснащен:</u></p>\r\n\r\n<table align=\"center\" border=\"1\" cellpadding=\"1\" cellspacing=\"1\" style=\"width:500px\">\r\n\t<tbody>\r\n\t\t<tr>\r\n\t\t\t<td>\r\n\t\t\t<p>Наименование оснащения</p>\r\n\t\t\t</td>\r\n\t\t\t<td>Количество в шт.</td>\r\n\t\t</tr>\r\n\t\t<tr>\r\n\t\t\t<td><strong>Ноутбук Dell</strong></td>\r\n\t\t\t<td><strong>1</strong></td>\r\n\t\t</tr>\r\n\t\t<tr>\r\n\t\t\t<td><strong>Беспроводная мышь Lenovo</strong></td>\r\n\t\t\t<td><strong>1</strong></td>\r\n\t\t</tr>\r\n\t\t<tr>\r\n\t\t\t<td><strong>Стационарный телефон Gugaset</strong></td>\r\n\t\t\t<td><strong>1</strong></td>\r\n\t\t</tr>\r\n\t\t<tr>\r\n\t\t\t<td><strong>Принтер струйный Canon</strong></td>\r\n\t\t\t<td><strong>1</strong></td>\r\n\t\t</tr>\r\n\t\t<tr>\r\n\t\t\t<td><strong>Стул компьютерный Серый</strong></td>\r\n\t\t\t<td><strong>1</strong></td>\r\n\t\t</tr>\r\n\t\t<tr>\r\n\t\t\t<td><strong>Лампа настольная телескопическая</strong></td>\r\n\t\t\t<td><strong>1</strong></td>\r\n\t\t</tr>\r\n\t</tbody>\r\n</table>\r\n\r\n<p>В случае замены оснащения, просьба своевременно внести изменения в таблицу</p>\r\n\r\n<p>&nbsp;</p>"}}, {"model": "company.workplace", "pk": 11, "fields": {"table_number": 10, "additional_info": "<p><u>Рабочй стол оснащен:</u></p>\r\n\r\n<table align=\"center\" border=\"1\" cellpadding=\"1\" cellspacing=\"1\" style=\"width:500px\">\r\n\t<tbody>\r\n\t\t<tr>\r\n\t\t\t<td>\r\n\t\t\t<p>Наименование оснащения</p>\r\n\t\t\t</td>\r\n\t\t\t<td>Количество в шт.</td>\r\n\t\t</tr>\r\n\t\t<tr>\r\n\t\t\t<td><strong>Ноутбук Dell</strong></td>\r\n\t\t\t<td><strong>1</strong></td>\r\n\t\t</tr>\r\n\t\t<tr>\r\n\t\t\t<td><strong>Беспроводная мышь Lenovo</strong></td>\r\n\t\t\t<td><strong>1</strong></td>\r\n\t\t</tr>\r\n\t\t<tr>\r\n\t\t\t<td><strong>Стационарный телефон Gugaset</strong></td>\r\n\t\t\t<td><strong>1</strong></td>\r\n\t\t</tr>\r\n\t\t<tr>\r\n\t\t\t<td><strong>Принтер струйный Canon</strong></td>\r\n\t\t\t<td><strong>1</strong></td>\r\n\t\t</tr>\r\n\t\t<tr>\r\n\t\t\t<td><strong>Стул компьютерный Серый</strong></td>\r\n\t\t\t<td><strong>1</strong></td>\r\n\t\t</tr>\r\n\t\t<tr>\r\n\t\t\t<td><strong>Лампа настольная телескопическая</strong></td>\r\n\t\t\t<td><strong>1</strong></td>\r\n\t\t</tr>\r\n\t</tbody>\r\n</table>\r\n\r\n<p>В случае замены оснащения, просьба своевременно внести изменения в таблицу</p>\r\n\r\n<p>&nbsp;</p>"}}, {"model": "company.workplace", "pk": 12, "fields": {"table_number": 11, "additional_info": "<p><u>Рабочй стол оснащен:</u></p>\r\n\r\n<table align=\"center\" border=\"1\" cellpadding=\"1\" cellspacing=\"1\" style=\"width:500px\">\r\n\t<tbody>\r\n\t\t<tr>\r\n\t\t\t<td>\r\n\t\t\t<p>Наименование оснащения</p>\r\n\t\t\t</td>\r\n\t\t\t<td>Количество в шт.</td>\r\n\t\t</tr>\r\n\t\t<tr>\r\n\t\t\t<td><strong>Ноутбук Dell</strong></td>\r\n\t\t\t<td><strong>1</strong></td>\r\n\t\t</tr>\r\n\t\t<tr>\r\n\t\t\t<td><strong>Беспроводная мышь Lenovo</strong></td>\r\n\t\t\t<td><strong>1</strong></td>\r\n\t\t</tr>\r\n\t\t<tr>\r\n\t\t\t<td><strong>Стационарный телефон Gugaset</strong></td>\r\n\t\t\t<td><strong>1</strong></td>\r\n\t\t</tr>\r\n\t\t<tr>\r\n\t\t\t<td><strong>Принтер струйный Canon</strong></td>\r\n\t\t\t<td><strong>1</strong></td>\r\n\t\t</tr>\r\n\t\t<tr>\r\n\t\t\t<td><strong>Стул компьютерный Серый</strong></td>\r\n\t\t\t<td><strong>1</strong></td>\r\n\t\t</tr>\r\n\t\t<tr>\r\n\t\t\t<td><strong>Лампа настольная телескопическая</strong></td>\r\n\t\t\t<td><strong>1</strong></td>\r\n\t\t</tr>\r\n\t</tbody>\r\n</table>\r\n\r\n<p>В случае замены оснащения, просьба своевременно внести изменения в таблицу</p>\r\n\r\n<p>&nbsp;</p>"}}, {"model": "company.position", "pk": 1, "fields": {"name": "Backend-разработчик", "slug": "backend-developer"}}, {"model": "company.position", "pk": 2, "fields": {"name": "QA Инженер", "slug": "qa-engineer"}}, {"model": "company.position", "pk": 3, "fields": {"name": "руководитель проекта", "slug": "project-Manager"}}, {"model": "company.position", "pk": 4, "fields": {"name": "Тестировщик", "slug": "tester"}}, {"model": "company.position", "pk": 5, "fields": {"name": "Фронтед-разработчик", "slug": "frontend-developer"}}, {"model": "company.position", "pk": 6, "fields": {"name": "HR-сотрудник", "slug": "hr-staff"}}, {"model": "company.position", "pk": 7, "fields": {"name": "Менеджер по продажам", "slug": "Sales-Manager"}}, {"model": "company.position", "pk": 8, "fields": {"name": "Бухгалтер", "slug": "buhgalter"}}, {"model": "employees.skill", "pk": 1, "fields": {"name": "Продажи"}}, {"model": "employees.skill", "pk": 2, "fields": {"name": "Переговоры"}}, {"model": "employees.skill", "pk": 3, "fields": {"name": "Техническая документация"}}, {"model": "employees.skill", "pk": 4, "fields": {"name": "Кадровое делопроизводство"}}, {"model": "employees.skill", "pk": 5, "fields": {"name": "Администрирование сетей"}}, {"model": "employees.skill", "pk": 6, "fields": {"name": "Консультирование клиентов"}}, {"model": "employees.skill", "pk": 7, "fields": {"name": "Backend-разработчик"}}, {"model": "employees.skill", "pk": 8, "fields": {"name": "Тестировщик"}}, {"model": "employees.skill", "pk": 9, "fields": {"name": "руководитель проекта"}}, {"model": "employees.skill", "pk": 10, "fields": {"name": "Fronted-разработчик"}}, {"model": "employees.skill", "pk": 11, "fields": {"name": "бухгалтерский учет"}}, {"model": "employees.employeeprofile", "pk": 1, "fields": {"user": 2, "last_name": "Старкова", "first_name": "Амалия", "patronymic": "Альтовна", "birth_date": "1998-12-01", "gender": "Female", "bio": "", "is_watcher": false, "workplace": 8, "position": 2, "hire_date": "2025-09-17"}}, {"model": "employees.employeeprofile", "pk": 2, "fields": {"user": 3, "last_name": "Иванов", "first_name": "Олег", "patronymic": "Дмитриевич", "birth_date": "1992-05-05", "gender": "Male", "bio": "", "is_watcher": false, "workplace": 5, "position": 1, "hire_date": "2025-08-12"}}, {"model": "employees.employeeprofile", "pk": 3, "fields": {"user": 1, "last_name": "Подмарькова", "first_name": "Юлия", "patronymic": "Юрьевна", "birth_date": "1986-03-15", "gender": "Female", "bio": "Начальник", "is_watcher": false, "workplace": 2, "position": 3, "hire_date": "2025-10-03"}}, {"model": "employees.employeeprofile", "pk": 4, "fields": {"user": 4, "last_name": "Слинговски", "first_name": "Ивонна", "patronymic": "Севастьяновна", "birth_date": "2000-09-09", "gender": "Female", "bio": "Тестировщик", "is_watcher": false, "workplace": 6, "position": 4, "hire_date": "2025-09-01"}}, {"model": "employees.employeeprofile", "pk": 5, "fields": {"user": 5, "last_name": "Ивановна", "first_name": "Светлана", "patronymic": "Борисовна", "birth_date": null, "gender": "Female", "bio": "none", "is_watcher": false, "workplace": 1, "position": 5, "hire_date": "2025-09-30"}}, {"model": "employees.employeeprofile", "pk": 6, "fields": {"user": 6, "last_name": "Петров", "first_name": "Максим", "patronymic": "Сергеевич", "birth_date": "1985-10-15", "gender": "Male", "bio": "none", "is_watcher": false, "workplace": 4, "position": 6, "hire_date": "2025-10-04"}}, {"model": "employees.employeeprofile", "pk": 7, "fields": {"user": 7, "last_name": "Горзин", "first_name": "Степан", "patronymic": "Игоревич", "birth_date": "1997-03-25", "gender": "Male", "bio": "none", "is_watcher": false, "workplace": 7, "position": 7, "hire_date": "2025-10-04"}}, {"model": "employees.employeeprofile", "pk": 8, "fields": {"user": 8, "last_name": "Сазонова", "first_name": "Ириада", "patronymic": "Альбертовна", "birth_date": "1978-11-01", "gender": "Female", "bio": "", "is_watcher": false, "workplace": 11, "position": 8, "hire_date": "2025-10-19"}}, {"model": "employees.employeeprofile", "pk": 9, "fields": {"user": 9, "last_name": "Сазонов", "first_name": "Игнат", "patronymic": "Игоревич", "birth_date": "1991-03-25", "gender": "Male", "bio": "", "is_watcher": false, "workplace": 10, "position": 5, "hire_date": "2025-10-19"}}, {"model": "employees.employeeprofile", "pk": 10, "fields": {"user": 10, "last_name": "Петров", "first_name": "Семен", "patronymic": "Вячеславович", "birth_date": "1996-04-28", "gender": "Male", "bio": "", "is_watcher": false, "workplace": 9, "position": 6, "hire_date": "2025-10-21"}}, {"model": "employees.employeeprofile", "pk": 11, "fields": {"user": 11, "last_name": "Семихвостов", "first_name": "Иван", "patronymic": "Игоревич", "birth_date": "1999-08-28", "gender": "Male", "bio": "", "is_watcher": true, "workplace": 12, "position": 2, "hire_date": "2025-10-21"}}, {"model": "employees.employeeskill", "pk": 1, "fields": {"employee": 1, "skill": 6, "level": 10}}, {"model": "employees.employeeskill", "pk": 2, "fields": {"employee": 1, "skill": 1, "level": 8}}, {"model": "employees.employeeskill", "pk": 3, "fields": {"employee": 1, "skill": 2, "level": 6}}, {"model": "employees.employeeskill", "pk": 4, "fields": {"employee": 2, "skill": 5, "level": 10}}, {"model": "employees.employeeskill", "pk": 5, "fields": {"employee": 2, "skill": 3, "level": 8}}, {"model": "employees.employeeskill", "pk": 6, "fields": {"employee": 3, "skill": 4, "level": 10}}, {"model": "employees.employeeskill", "pk": 7, "fields": {"employee": 3, "skill": 9, "level": 10}}, {"model": "employees.employeeskill", "pk": 8, "fields": {"employee": 4, "skill": 8, "level": 10}}, {"model": "employees.employeeskill", "pk": 9, "fields": {"employee": 4, "skill": 5, "level": 9}}, {"model": "employees.employeeskill", "pk": 10, "fields": {"employee": 4, "skill": 3, "level": 8}}, {"model": "employees.employeeskill", "pk": 11, "fields": {"employee": 3, "skill": 2, "level": 10}}, {"model": "employees.employeeskill", "pk": 12, "fields": {"employee": 2, "skill": 7, "level": 10}}, {"model": "employees.employeeskill", "pk": 13, "fields": {"employee": 1, "skill": 3, "level": 10}}, {"model": "employees.employeeskill", "pk": 14, "fields": {"employee": 5, "skill": 8, "level": 10}}, {"model": "employees.employeeskill", "pk": 15, "fields": {"employee": 5, "skill": 10, "level": 10}}, {"model": "employees.employeeskill", "pk": 16, "fields": {"employee": 5, "skill": 3, "level": 10}}, {"model": "employees.employeeskill", "pk": 17, "fields": {"employee": 5, "skill": 6, "level": 5}}, {"model": "employees.employeeskill", "pk": 18, "fields": {"employee": 6, "skill": 4, "level": 10}}, {"model": "employees.employeeskill", "pk": 19, "fields": {"employee": 6, "skill": 2, "level": 10}}, {"model": "employees.employeeskill", "pk": 20, "fields": {"employee": 7, "skill": 1, "level": 10}}, {"model": "employees.employeeskill", "pk": 21, "fields": {"employee": 7, "skill": 2, "level": 9}}, {"model": "employees.employeeskill", "pk": 22, "fields": {"employee": 7, "skill": 6, "level": 10}}, {"model": "employees.employeeskill", "pk": 23, "fields": {"employee": 7, "skill": 3, "level": 10}}, {"model": "employees.employeeskill", "pk": 24, "fields": {"employee": 9, "skill": 10, "level": 10}}, {"model": "employees.employeeskill", "pk": 25, "fields": {"employee": 9, "skill": 8, "level": 9}}, {"model": "employees.employeeskill", "pk": 26, "fields": {"employee": 9, "skill": 5, "level": 10}}, {"model": "employees.employeeskill", "pk": 27, "fields": {"employee": 9, "skill": 3, "level": 10}}, {"model": "employees.employeeskill", "pk": 28, "fields": {"employee": 10, "skill": 4, "level": 10}}, {"model": "employees.employeeskill", "pk": 29, "fields": {"employee": 10, "skill": 3, "level": 10}}, {"model": "employees.employeeskill", "pk": 30, "fields": {"employee": 10, "skill": 11, "level": 6}}, {"model": "employees.employeeskill", "pk": 31, "fields": {"employee": 11, "skill": 7, "level": 7}}, {"model": "employees.employeeskill", "pk": 32, "fields": {"employee": 11, "skill": 10, "level": 8}}, {"model": "employees.employeeskill", "pk": 33, "fields": {"employee": 11, "skill": 5, "level": 10}}, {"model": "employees.employeeskill", "pk": 34, "fields": {"employee": 11, "skill": 3, "level": 10}}, {"model": "employees.employeeskill", "pk": 35, "fields": {"employee": 11, "skill": 8, "level": 6}}, {"model": "employees.employeeimage", "pk": 1, "fields": {"employee": 3, "image": "employee_gallery/images_kKS0mRn.jpg", "order_number": 1}}, {"model": "employees.employeeimage", "pk": 2, "fields": {"employee": 2, "image": "employee_gallery/istockphoto-585185176-612x612.jpg", "order_number": 0}}, {"model": "employees.employeeimage", "pk": 3, "fields": {"employee": 1, "image": "employee_gallery/istockphoto-585185176-612x612_SpLDzx6.jpg", "order_number": 2}}, {"model": "employees.employeeimage", "pk": 4, "fields": {"employee": 3, "image": "employee_gallery/istockphoto-585185176-612x612_BEBiG12.jpg", "order_number": 2}}, {"model": "employees.employeeimage", "pk": 5, "fields": {"employee": 3, "image": "employee_gallery/retro-lampochka-n19-a60-foto-2_R566HN7.jpg", "order_number": 3}}, {"model": "employees.employeeimage", "pk": 6, "fields": {"employee": 1, "image": "employee_gallery/retro-lampochka-n19-a60-foto-2_hTUPY7x.jpg", "order_number": 1}}, {"model": "employees.employeeimage", "pk": 7, "fields": {"employee": 5, "image": "employee_gallery/retro-lampochka-n19-a60-foto-2_M2Qapqq.jpg", "order_number": 1}}]